"","train","test"
"lasso",0.707006369426752,0.714285714285714
"svm",0.968152866242038,0.857142857142857
"rf",1,1
"dt",0.942675159235669,0.755102040816326
"gbm",0.961783439490446,0.918367346938776
"nn",0.707006369426752,0.714285714285714
